"","index","province","name","position","link"
"1",1,"北京","
            蔡奇
            ","市委书记","http://district.ce.cn/newarea/sddy/201706/09/t20170609_23529954_5.shtml"
"2",2,"北京","陈吉宁","市委副书记、代市长<U+00A0>","http://district.ce.cn/newarea/sddy/201706/23/t20170623_23833102_1.shtml"
"3",3,"北京","景俊海","市委副书记<U+00A0>","http://district.ce.cn/newarea/sddy/201706/23/t20170623_23833102_2.shtml"
"4",4,"北京","张工","常委，常务副市长","http://district.ce.cn/zt/rwk/sf/bj/bjrs/201202/21/t20120221_23092144.shtml"
"5",5,"北京","阴和俊","常委、副市长<U+00A0>","http://district.ce.cn/newarea/sddy/201706/23/t20170623_23833102_4.shtml"
"6",6,"北京","张硕辅","常委、纪委书记，市监察委主任","http://district.ce.cn/newarea/sddy/201605/20/t20160520_11812841.shtml"
"7",7,"北京","张延昆","常委、政法委书记","http://district.ce.cn/newarea/sddy/201506/15/t20150615_5645987_1.shtml"
"8",8,"北京","林克庆","常委、市委教育工委书记","http://district.ce.cn/newarea/sddy/201511/30/t20151130_7199256_1.shtml"
"9",9,"北京","杜飞进","常委、宣传部长","http://district.ce.cn/newarea/sddy/201706/23/t20170623_23833102_8.shtml"
"10",10,"北京","魏小东","常委、组织部部长<U+00A0>","http://district.ce.cn/newarea/sddy/201706/23/t20170623_23833102_9.shtml"
"11",11,"北京","崔述强","常委、秘书长","http://district.ce.cn/newarea/sddy/201707/22/t20170722_24374946_1.shtml"
"12",12,"北京","齐静","常委、统战部长","http://district.ce.cn/newarea/sddy/201707/22/t20170722_24374708_1.shtml"
"13",13,"天津","李鸿忠","中央委员，书记","http://district.ce.cn/newarea/sddy/201705/27/t20170527_23265860.shtml"
"14",14,"天津","王东峰","中央纪委委员，副书记、市长","http://district.ce.cn/newarea/sddy/201705/27/t20170527_23265860_1.shtml"
"15",15,"天津","段春华","中央候补委员，常委、常务副市长","http://district.ce.cn/newarea/sddy/201705/27/t20170527_23265860_3.shtml"
"16",16,"天津","张玉卓","常委、滨海新区区委书记<U+00A0>","http://district.ce.cn/newarea/sddy/201705/27/t20170527_23265860_4.shtml"
"17",17,"天津","盛茂林","常委、组织部长","http://district.ce.cn/newarea/sddy/201705/27/t20170527_23265860_5.shtml"
"18",18,"天津","程丽华","常委、教育工委书记","http://district.ce.cn/newarea/sddy/201705/27/t20170527_23265860_6.shtml"
"19",19,"天津","邓修明","常委、市纪委书记","http://district.ce.cn/newarea/sddy/201705/27/t20170527_23265860_7.shtml"
"20",20,"天津","赵飞<U+00A0>","常委、政法委书记","http://district.ce.cn/newarea/sddy/201707/26/t20170726_24458344_1.shtml"
"21",21,"天津","陈浙闽","常委、宣传部长","http://district.ce.cn/newarea/sddy/201705/27/t20170527_23265860_9.shtml"
"22",22,"天津","冀国强","常委、统战部长","http://district.ce.cn/newarea/sddy/201706/29/t20170629_23938662_1.shtml"
"23",23,"天津","李毅","常委、市委秘书长","http://district.ce.cn/newarea/sddy/201706/01/t20170601_23368621.shtml"
"24",24,"河北","赵克志","中央委员，书记、省人大主任","http://district.ce.cn/newarea/sddy/201611/25/t20161125_18160973.shtml"
"25",25,"河北","许勤","副书记、省长<U+00A0>","http://district.ce.cn/newarea/sddy/201704/26/t20170426_22369954.shtml"
"26",26,"河北","田向利","常委、宣传部长","http://district.ce.cn/newarea/sddy/201611/25/t20161125_18160973_4.shtml"
"27",27,"河北","梁田庚","副省长","http://district.ce.cn/newarea/sddy/201611/25/t20161125_18160973_5.shtml"
"28",28,"河北","袁桐利","副省长<U+00A0>","http://district.ce.cn/newarea/sddy/201611/25/t20161125_18160973_6.shtml"
"29",29,"河北","陈刚","常委、副省长，雄安新区党工委书记、管委会主任","http://district.ce.cn/newarea/sddy/201707/28/t20170728_24591046.shtml"
"30",30,"河北","梁惠玲","常委、纪委书记","../../../../newarea/sddy/201701/04/t20170104_19392772.shtml"
"31",31,"河北","焦彦龙","常委，唐山市委书记<U+00A0>","http://district.ce.cn/newarea/sddy/201611/25/t20161125_18160973_7.shtml"
"32",32,"河北","董仚生","常委、政法委书记","http://district.ce.cn/newarea/sddy/201703/31/t20170331_21649068_1.shtml"
"33",33,"河北","童建明","常委、秘书长<U+00A0>","http://district.ce.cn/newarea/sddy/201707/31/t20170731_24653876.shtml"
"34",34,"河北","邢国辉","常委，石家庄市委书记","http://district.ce.cn/newarea/sddy/201612/30/t20161230_19277948_1.shtml"
"35",35,"河北","高志立","常委、统战部长，省财政厅厅长","http://district.ce.cn/newarea/sddy/201611/30/t20161130_18260247.shtml"
"36",36,"山西","骆惠宁","中央委员，书记、人大常委会主任","http://district.ce.cn/newarea/sddy/201611/28/t20161128_18210678.shtml"
"37",37,"山西","楼阳生","副书记、省长","http://district.ce.cn/newarea/sddy/201611/05/t20161105_17551243_3.shtml"
"38",38,"山西","黄晓薇<U+00A0>","副书记","http://district.ce.cn/newarea/sddy/201706/14/t20170614_23627691_1.shtml"
"39",39,"山西","高建民","常委、常务副省长","http://district.ce.cn/newarea/sddy/201611/05/t20161105_17551243_3.shtml"
"40",40,"山西","任建华","常委、纪委书记，省监察委主任","http://district.ce.cn/newarea/sddy/201701/18/t20170118_19692361.shtml"
"41",41,"山西","罗清宇","常委，太原市委书记","http://district.ce.cn/newarea/sddy/201707/05/t20170705_24029415.shtml"
"42",42,"山西","吴汉圣","常委、组织部长","http://district.ce.cn/newarea/sddy/201704/01/t20170401_21682574.shtml"
"43",43,"山西","张吉福","常委、大同市委书记","http://district.ce.cn/newarea/sddy/201611/05/t20161105_17551243_9.shtml"
"44",44,"山西","王清宪","常委、宣传部长","http://district.ce.cn/newarea/sddy/201611/17/t20161117_17907445.shtml"
"45",45,"山西","廉毅敏","常委、统战部长","http://district.ce.cn/newarea/sddy/201611/17/t20161117_17906990.shtml"
"46",46,"山西","商黎光","常委、政法委书记","http://district.ce.cn/newarea/sddy/201706/14/t20170614_23627691.shtml"
"47",47,"山西","王赋<U+00A0>","常委、秘书长","http://district.ce.cn/newarea/sddy/201707/05/t20170705_24029415_1.shtml"
"48",48,"内蒙古","李纪恒","中央委员，党委书记、区人大主任","http://district.ce.cn/newarea/sddy/201701/18/t20170118_19704288.shtml"
"49",49,"内蒙古","布小林","党委副书记、政府主席","http://district.ce.cn/newarea/sddy/201611/26/t20161126_18173278_1.shtml"
"50",50,"内蒙古","李佳","中央候补委员，党委副书记、政法委书记","http://district.ce.cn/newarea/sddy/201302/01/t20130201_24087962_3.shtml"
"51",51,"内蒙古","张建民<U+00A0>","常委、常务副主席<U+00A0>","http://district.ce.cn/newarea/sddy/201611/26/t20161126_18173278_3.shtml"
"52",52,"内蒙古","王莉霞<U+00A0>","常委、统战部部长<U+00A0>","http://district.ce.cn/newarea/sddy/201611/29/t20161129_18227872.shtml"
"53",53,"内蒙古","曾一春<U+00A0>","常委、组织部长","http://district.ce.cn/newarea/sddy/201611/26/t20161126_18173278_5.shtml"
"54",54,"内蒙古","刘奇凡<U+00A0>","常委、纪委书记<U+00A0><U+00A0>","http://district.ce.cn/newarea/sddy/201611/26/t20161126_18173278_6.shtml"
"55",55,"内蒙古","张院忠<U+00A0>","常委、包头市委书记<U+00A0>","http://district.ce.cn/newarea/sddy/201612/07/t20161207_18484307_1.shtml"
"56",56,"内蒙古","云光中<U+00A0>","常委、呼和浩特市委书记<U+00A0>","http://district.ce.cn/newarea/sddy/201701/09/t20170109_19475871.shtml"
"57",57,"内蒙古","白玉刚<U+00A0>","常委、宣传部部长<U+00A0>","http://district.ce.cn/newarea/sddy/201612/01/t20161201_18303546.shtml"
"58",58,"内蒙古","罗永纲","常委、秘书长","http://district.ce.cn/newarea/sddy/201612/07/t20161207_18484307.shtml"
"59",59,"内蒙古","李杰翔<U+00A0>","常委、通辽市委书记<U+00A0>","http://district.ce.cn/newarea/sddy/201705/31/t20170531_23341381.shtml"
"60",60,"吉林","巴音朝鲁","中央委员，省委书记、省人大主任","http://district.ce.cn/newarea/sddy/201705/31/t20170531_23328272.shtml"
"61",61,"吉林","刘国中<U+00A0>","副书记、省长<U+00A0>","http://district.ce.cn/newarea/sddy/201705/31/t20170531_23328272_1.shtml"
"62",62,"吉林","高广滨","中央候补委员、副书记","http://district.ce.cn/newarea/sddy/201512/01/t20151201_7245934_1.shtml"
"63",63,"吉林","张安顺","常委、省委秘书长","http://district.ce.cn/newarea/sddy/201705/31/t20170531_23328272_3.shtml"
"64",64,"吉林","王君正","常委、长春市委书记<U+00A0>","http://district.ce.cn/newarea/sddy/201705/31/t20170531_23328272_5.shtml"
"65",65,"吉林","林武<U+00A0>","常委、常务副省长<U+00A0>","http://district.ce.cn/newarea/sddy/201705/31/t20170531_23328272_6.shtml"
"66",66,"吉林","姜治莹<U+00A0>","常委、延边州委书记","http://district.ce.cn/newarea/sddy/201707/27/t20170727_24498772_1.shtml"
"67",67,"吉林","胡家福<U+00A0>","常委、政法委书记、公安厅长<U+00A0>","http://district.ce.cn/newarea/sddy/201707/31/t20170731_24623988_1.shtml"
"68",68,"吉林","陶治国<U+00A0>","常委、纪委书记<U+00A0>","http://district.ce.cn/newarea/sddy/201705/31/t20170531_23328272_8.shtml"
"69",69,"吉林","王晓萍<U+00A0>","常委、宣传部长<U+00A0>","http://district.ce.cn/newarea/sddy/201705/31/t20170531_23328272_9.shtml"
"70",70,"吉林","王凯","常委、组织部长<U+00A0>","http://district.ce.cn/newarea/sddy/201705/31/t20170531_23328272_10.shtml"
"71",71,"吉林","李景浩<U+00A0>","常委、统战部长<U+00A0>","http://district.ce.cn/newarea/sddy/201706/01/t20170601_23367159.shtml"
"72",72,"安徽","李锦斌","书记，省人大主任","http://district.ce.cn/newarea/sddy/201701/22/t20170122_19782879.shtml"
"73",73,"安徽","李国英","中央候补委员、副书记、省长","http://district.ce.cn/newarea/sddy/201701/22/t20170122_19782879_1.shtml"
"74",74,"安徽","信长星","副省长","http://district.ce.cn/newarea/sddy/201611/03/t20161103_17494934_2.shtml"
"75",75,"安徽","邓向阳","副省长","http://district.ce.cn/newarea/sddy/201709/13/t20170913_25949928_1.shtml"
"76",76,"安徽","刘惠","常委、省纪委书记<U+00A0>","http://district.ce.cn/newarea/sddy/201611/03/t20161103_17494934_6.shtml"
"77",77,"安徽","张曙光","常委、统战部长<U+00A0>","http://district.ce.cn/newarea/sddy/201704/01/t20170401_21665232_1.shtml"
"78",78,"安徽","孙云飞","常委、六安市委书记<U+00A0>","http://district.ce.cn/newarea/sddy/201701/25/t20170125_19876245.shtml"
"79",79,"安徽","姚玉舟","常委、政法委书记","http://district.ce.cn/newarea/sddy/201611/15/t20161115_17819662.shtml"
"80",80,"安徽","虞爱华","常委、宣传部长<U+00A0>","http://district.ce.cn/newarea/sddy/201611/12/t20161112_17741249.shtml"
"81",81,"安徽","宋国权","常委、合肥市委书记<U+00A0>","http://district.ce.cn/newarea/sddy/201611/11/t20161111_17731671.shtml"
"82",82,"安徽","严植婵","常委、组织部长","http://district.ce.cn/newarea/sddy/201709/13/t20170913_25949928.shtml"
"83",83,"福建","尤权","中央委员，省委书记，省人大主任","http://district.ce.cn/newarea/sddy/201611/28/t20161128_18191430.shtml"
"84",84,"福建","于伟国","中央候补委员，副书记、省长","http://district.ce.cn/newarea/sddy/201611/28/t20161128_18191430_1.shtml"
"85",85,"福建","张志南","常委、常务副省长","http://district.ce.cn/newarea/sddy/201611/28/t20161128_18191430_3.shtml"
"86",86,"福建","雷春美","中央候补委员，常委、统战部长","http://district.ce.cn/newarea/sddy/201611/28/t20161128_18191430_4.shtml"
"87",87,"福建","王宁","常委、福州市委书记","http://district.ce.cn/newarea/sddy/201707/27/t20170727_24500471_1.shtml"
"88",88,"福建","高翔","常委、宣传部长","http://district.ce.cn/newarea/sddy/201611/28/t20161128_18191430_7.shtml"
"89",89,"福建","胡昌升","常委、组织部长","http://district.ce.cn/newarea/sddy/201707/27/t20170727_24500471.shtml"
"90",90,"福建","刘学新","常委、省纪委书记","http://district.ce.cn/newarea/sddy/201611/28/t20161128_18191430_8.shtml"
"91",91,"福建","裴金佳","常委，厦门市委书记","http://district.ce.cn/newarea/sddy/201611/28/t20161128_18191430_9.shtml"
"92",92,"福建","梁建勇","常委、省委秘书长","http://district.ce.cn/newarea/sddy/201701/22/t20170122_19792485_1.shtml"
"93",93,"福建","周联清","常委、副省长","http://district.ce.cn/newarea/sddy/201611/28/t20161128_18191430_11.shtml"
"94",94,"福建","王洪祥","常委、政法委书记<U+00A0>","http://district.ce.cn/newarea/sddy/201704/07/t20170407_21781952.shtml"
"95",95,"江西","刘奇<U+00A0>","副书记、省长<U+00A0>","http://district.ce.cn/newarea/sddy/201611/16/t20161116_17876240_1.shtml"
"96",96,"江西","毛伟明","常委、常务副省长","http://district.ce.cn/newarea/sddy/201611/16/t20161116_17876240_6.shtml"
"97",97,"江西","谢茹","副省长","http://district.ce.cn/newarea/roll/201111/30/t20111130_22879986.shtml"
"98",98,"江西","李贻煌","副省长","http://district.ce.cn/newarea/sddy/201301/30/t20130130_24080255_1.shtml"
"99",99,"江西","郑为文","副省长，省公安厅厅长、党委书记","http://district.ce.cn/newarea/sddy/201410/15/t20141015_3707605.shtml"
"100",100,"江西","李利<U+00A0>","副省长<U+00A0>","http://district.ce.cn/newarea/sddy/201612/15/t20161215_18728445.shtml"
"101",101,"江西","吴晓军","副省长、发改委主任","http://district.ce.cn/newarea/sddy/201703/21/t20170321_21231755.shtml"
"102",102,"江西","张勇","省政府秘书长","http://district.ce.cn/newarea/sddy/201503/26/t20150326_4944841.shtml"
"103",103,"江西","潘东军","党组成员、省监察厅厅长兼预防腐败局局长","http://district.ce.cn/newarea/sddy/201505/08/t20150508_5315360.shtml"
"104",104,"江西","陈兴超","常委、统战部部长","http://district.ce.cn/newarea/sddy/201701/23/t20170123_19821909_1.shtml"
"105",105,"江西","刘捷","常委、省委秘书长<U+00A0>","http://district.ce.cn/newarea/sddy/201611/18/t20161118_17941846.shtml"
"106",106,"江西","赵力平","常委、宣传部部长","http://district.ce.cn/newarea/sddy/201612/02/t20161202_18335053.shtml"
"107",107,"山东","龚正","副书记、省长","http://district.ce.cn/newarea/sddy/201706/19/t20170619_23697349.shtml"
"108",108,"山东","李群","中央候补委员，常委、常务副省长","http://district.ce.cn/newarea/sddy/201704/12/t20170412_21895773.shtml"
"109",109,"山东","王随莲","副省长<U+00A0>","http://district.ce.cn/newarea/sddy/201706/19/t20170619_23697349_2.shtml"
"110",110,"山东","王书坚","副省长<U+00A0>","http://district.ce.cn/newarea/sddy/201504/01/t20150401_4996976.shtml"
"111",111,"山东","季缃绮","副省长","http://district.ce.cn/newarea/sddy/201302/05/t20130205_24096920.shtml"
"112",112,"山东","孙立成","副省长、公安厅厅长<U+00A0>","http://district.ce.cn/newarea/sddy/201607/22/t20160722_14060774.shtml"
"113",113,"山东","于国安","副省长<U+00A0>","http://district.ce.cn/newarea/sddy/201707/29/t20170729_24600192.shtml"
"114",114,"山东","任爱荣","副省长<U+00A0>","http://district.ce.cn/newarea/sddy/201707/29/t20170729_24600192_1.shtml"
"115",115,"山东","王华","省政府秘书长","http://district.ce.cn/newarea/sddy/201707/21/t20170721_24351697_1.shtml"
"116",116,"山东","林峰海","常委、政法委书记","http://district.ce.cn/newarea/sddy/201708/08/t20170808_24867228_1.shtml"
"117",117,"山东","王浩","常委、烟台市委书记","http://district.ce.cn/newarea/sddy/201706/19/t20170619_23697349_11.shtml"
"118",118,"河南","谢伏瞻","中央委员，省委书记、省人大主任","http://district.ce.cn/newarea/sddy/201611/04/t20161104_17533146.shtml"
"119",119,"河南","翁杰明","中央候补委员，副书记、省长","http://district.ce.cn/newarea/sddy/201611/25/t20161125_18130274.shtml"
"120",120,"河南","王炯","副省长","http://district.ce.cn/newarea/sddy/201706/01/t20170601_23370690.shtml"
"121",121,"河南","翁杰明","副省长、农办主任","http://district.ce.cn/newarea/sddy/201611/25/t20161125_18130274.shtml"
"122",122,"河南","赵素萍","常委、宣传部长","http://district.ce.cn/newarea/sddy/201310/12/t20131012_1610089.shtml"
"123",123,"河南","任正晓","常委、省纪委书记","http://district.ce.cn/newarea/sddy/201611/04/t20161104_17533146_5.shtml"
"124",124,"河南","李亚","常委、洛阳市委书记","http://district.ce.cn/newarea/sddy/201701/09/t20170109_19487803.shtml"
"125",125,"河南","孔昌生","常委、组织部长","http://district.ce.cn/newarea/sddy/201702/21/t20170221_20376079.shtml"
"126",126,"河南","陶明伦","省政府秘书长","http://district.ce.cn/newarea/sddy/201611/04/t20161104_17533146_8.shtml"
"127",127,"河南","许甘露","常委、政法委书记","http://district.ce.cn/newarea/sddy/201707/28/t20170728_24560413_1.shtml"
"128",128,"河南","马懿","常委、郑州市委书记<U+00A0>","http://district.ce.cn/newarea/sddy/201611/04/t20161104_17533146_10.shtml"
"129",129,"河南","穆为民","常委、秘书长","http://district.ce.cn/newarea/sddy/201701/10/t20170110_19499338.shtml"
"130",130,"湖北","王晓东","副书记、省长","http://district.ce.cn/newarea/sddy/201707/18/t20170718_24274487_1.shtml"
"131",131,"湖北","黄楚平","副书记、省长<U+00A0>","http://district.ce.cn/newarea/sddy/201612/16/t20161216_18776518.shtml"
"132",132,"湖北","陈一新","副省长","http://district.ce.cn/newarea/sddy/201706/29/t20170629_23935292_2.shtml"
"133",133,"湖北","尔肯江·吐拉洪","中央候补委员，常委、统战部长<U+00A0>","http://district.ce.cn/newarea/sddy/201706/29/t20170629_23935292_3.shtml"
"134",134,"湖北","黄楚平","常委、常务副省长","http://district.ce.cn/newarea/sddy/201706/29/t20170629_23935292_4.shtml"
"135",135,"湖北","王艳玲","常委、宣传部长<U+00A0>","http://district.ce.cn/newarea/sddy/201706/29/t20170629_23935292_5.shtml"
"136",136,"湖北","于绍良","常委、组织部长<U+00A0>","http://district.ce.cn/newarea/sddy/201706/29/t20170629_23935292_6.shtml"
"137",137,"湖北","梁伟年","省政府秘书长","http://district.ce.cn/newarea/sddy/201706/29/t20170629_23935292_7.shtml"
"138",138,"湖北","王立山","常委、纪委书记<U+00A0>","http://district.ce.cn/newarea/sddy/201706/29/t20170629_23935292_8.shtml"
"139",139,"湖北","周霁","常委，宜昌市委书记","http://district.ce.cn/newarea/sddy/201706/29/t20170629_23935292_9.shtml"
"140",140,"湖北","王祥喜","常委、政法委书记","http://district.ce.cn/newarea/sddy/201707/27/t20170727_24541700_1.shtml"
"141",141,"湖北","李乐成","常委，襄阳市委书记","http://district.ce.cn/newarea/sddy/201706/29/t20170629_23935292_11.shtml"
"142",142,"湖南","杜家毫","中央候补委员，书记、省人大主任","http://district.ce.cn/newarea/sddy/201612/05/t20161205_18401723.shtml"
"143",143,"湖南","许达哲","中央委员，副书记、省长","http://district.ce.cn/newarea/sddy/201612/05/t20161205_18401723.shtml"
"144",144,"湖南","乌兰<U+00A0>","中央候补委员，副书记<U+00A0>","http://district.ce.cn/newarea/sddy/201611/21/t20161121_17973872_2.shtml"
"145",145,"湖南","陈向群","常委、常务副省长<U+00A0>","http://district.ce.cn/newarea/sddy/201611/21/t20161121_17973872_3.shtml"
"146",146,"湖南","傅奎","常委、省纪委书记","http://district.ce.cn/newarea/sddy/201611/21/t20161121_17975831.shtml"
"147",147,"湖南","黄关春","常委、政法委书记","http://district.ce.cn/newarea/sddy/201707/26/t20170726_24459656_1.shtml"
"148",148,"湖南","黄兰香","常委、统战部长","http://district.ce.cn/newarea/sddy/201611/21/t20161121_17973872_7.shtml"
"149",149,"湖南","王少峰","常委、组织部长<U+00A0>","http://district.ce.cn/newarea/sddy/201611/21/t20161121_17973872_8.shtml"
"150",150,"湖南","蔡振红","常委、宣传部长","http://district.ce.cn/newarea/sddy/201612/27/t20161227_19170526_3.shtml"
"151",151,"湖南","胡衡华","常委，长沙市委书记","http://district.ce.cn/newarea/sddy/201707/28/t20170728_24551507_1.shtml"
"152",152,"湖南","谢建辉","常委、省委秘书长","http://district.ce.cn/newarea/sddy/201707/28/t20170728_24551849_1.shtml"
"153",153,"广东","
            胡春华
            ","中央政治局委员，省委书记","http://district.ce.cn/newarea/sddy/201705/26/t20170526_23247062.shtml"
"154",154,"广东","马兴瑞","中央委员，副书记、省长","http://district.ce.cn/newarea/sddy/201705/26/t20170526_23247062_1.shtml"
"155",155,"广东","任学锋","中央候补委员，副书记、广州市委书记<U+00A0>","http://district.ce.cn/newarea/sddy/201705/26/t20170526_23247062_2.shtml"
"156",156,"广东","王伟中","常委、深圳市委书记","http://district.ce.cn/newarea/sddy/201705/26/t20170526_23247062_3.shtml"
"157",157,"广东","慎海雄","常委、宣传部部长<U+00A0>","http://district.ce.cn/newarea/sddy/201705/26/t20170526_23247062_4.shtml"
"158",158,"广东","林少春","常委、常务副省长","http://district.ce.cn/newarea/sddy/201705/26/t20170526_23247062_5.shtml"
"159",159,"广东","邹 铭","常委、组织部长","http://district.ce.cn/newarea/sddy/201705/26/t20170526_23247062_6.shtml"
"160",160,"广东","何忠友","常委、政法委书记","http://district.ce.cn/newarea/sddy/201601/22/t20160122_8466387_1.shtml"
"161",161,"广东","施克辉","常委、纪委书记","http://district.ce.cn/newarea/sddy/201705/26/t20170526_23247062_8.shtml"
"162",162,"广东","江 凌<U+00A0>","常委、秘书长<U+00A0>","http://district.ce.cn/newarea/sddy/201705/26/t20170526_23247062_9.shtml"
"163",163,"广东","曾志权<U+00A0>","常委","http://district.ce.cn/newarea/sddy/201706/03/t20170603_23404892_1.shtml"
"164",164,"广西","彭清华","中央委员、党委书记、人大主任","http://district.ce.cn/newarea/sddy/201611/25/t20161125_18150706.shtml"
"165",165,"广西","陈武","中央候补委员，党委副书记、主席","http://district.ce.cn/newarea/sddy/201611/25/t20161125_18150706_1.shtml"
"166",166,"广西","孙大伟","党委副书记<U+00A0>","http://district.ce.cn/newarea/sddy/201707/05/t20170705_24044039.shtml"
"167",167,"广西","范晓莉","常委、宣传部部长","http://district.ce.cn/newarea/sddy/201612/06/t20161206_18417852.shtml"
"168",168,"广西","蓝天立","中央候补委员，常委、常务副主席","http://district.ce.cn/newarea/sddy/201611/25/t20161125_18150706_4.shtml"
"169",169,"广西","王小东","常委、南宁市委书记","http://district.ce.cn/newarea/sddy/201611/25/t20161125_18150706_6.shtml"
"170",170,"广西","喻云林","常委、组织部长<U+00A0>","http://district.ce.cn/newarea/sddy/201611/25/t20161125_18150706_7.shtml"
"171",171,"广西","房灵敏","常委、纪委书记<U+00A0>","http://district.ce.cn/newarea/sddy/201709/16/t20170916_26024602.shtml"
"172",172,"广西","王可","常委、秘书长<U+00A0>","http://district.ce.cn/newarea/sddy/201612/02/t20161202_18331216.shtml"
"173",173,"广西","黄世勇","常委、政法委书记","http://district.ce.cn/newarea/sddy/201707/29/t20170729_24602504.shtml"
"174",174,"广西","赵德明","常委、统战部部长","http://district.ce.cn/newarea/sddy/201612/02/t20161202_18331997.shtml"
"175",175,"广西","莫恭明","常委、玉林市委书记<U+00A0>","http://district.ce.cn/newarea/sddy/201706/20/t20170620_23725595.shtml"
"176",176,"海南","刘赐贵","书记，省人大常委会主任","http://district.ce.cn/newarea/sddy/201705/19/t20170519_23014183.shtml"
"177",177,"海南","沈晓明","副书记，省长<U+00A0>","http://district.ce.cn/newarea/sddy/201705/19/t20170519_23014183_1.shtml"
"178",178,"海南","李军","副省长","http://district.ce.cn/newarea/sddy/201704/28/t20170428_22449716_2.shtml"
"179",179,"海南","毛超峰","副省长","http://district.ce.cn/newarea/sddy/201704/28/t20170428_22449716_3.shtml"
"180",180,"海南","王瑞连","副省长","http://district.ce.cn/newarea/sddy/201704/28/t20170428_22449716_4.shtml"
"181",181,"海南","张琦","常委、海口市委书记<U+00A0>","http://district.ce.cn/newarea/sddy/201704/28/t20170428_22449716_5.shtml"
"182",182,"海南","胡光辉","常委，秘书长<U+00A0>","http://district.ce.cn/newarea/sddy/201704/28/t20170428_22449716_6.shtml"
"183",183,"海南","蓝佛安","常委、纪委书记<U+00A0>","http://district.ce.cn/newarea/sddy/201704/28/t20170428_22449716_7.shtml"
"184",184,"海南","肖莺子","常委、宣传部部长<U+00A0>","http://district.ce.cn/newarea/sddy/201704/30/t20170430_22461303.shtml"
"185",185,"海南","肖杰","常委、政法委书记<U+00A0>","http://district.ce.cn/newarea/sddy/201706/01/t20170601_23364973_1.shtml"
"186",186,"海南","严朝君","常委、三亚市委书记<U+00A0>","http://district.ce.cn/newarea/sddy/201704/28/t20170428_22449716_10.shtml"
"187",187,"海南","张韵声","常委、统战部部长","http://district.ce.cn/newarea/sddy/201706/02/t20170602_23392710_1.shtml"
"188",188,"四川","王东明","中央委员，书记、省人大主任","http://district.ce.cn/newarea/sddy/201705/29/t20170529_23315862.shtml"
"189",189,"四川","尹力","中央候补委员，副书记、省长","http://district.ce.cn/newarea/sddy/201705/29/t20170529_23315862_1.shtml"
"190",190,"四川","邓小刚<U+00A0>","副书记<U+00A0>","http://district.ce.cn/newarea/sddy/201705/29/t20170529_23315862_2.shtml"
"191",191,"四川","王雁飞","常委、省纪委书记","http://district.ce.cn/newarea/sddy/201705/29/t20170529_23315862_3.shtml"
"192",192,"四川","范锐平","常委，成都市委书记<U+00A0>","http://district.ce.cn/newarea/sddy/201601/29/t20160129_8646701.shtml"
"193",193,"四川","王宁","常委、常务副省长","http://district.ce.cn/newarea/sddy/201705/29/t20170529_23315862_5.shtml"
"194",194,"四川","曲木史哈","常委、农工委主任","http://district.ce.cn/newarea/sddy/201705/29/t20170529_23315862_6.shtml"
"195",195,"四川","甘霖","常委、宣传部长","http://district.ce.cn/newarea/sddy/201705/29/t20170529_23315862_7.shtml"
"196",196,"四川","邓勇<U+00A0>","常委、政法委书记、公安厅长<U+00A0>","http://district.ce.cn/newarea/sddy/201706/03/t20170603_23404662.shtml"
"197",197,"四川","黄建发","常委、组织部长","http://district.ce.cn/newarea/sddy/201705/29/t20170529_23315862_9.shtml"
"198",198,"四川","王铭晖<U+00A0>","常委、秘书长，副省长<U+00A0>","http://district.ce.cn/newarea/sddy/201705/29/t20170529_23315862_10.shtml"
"199",199,"四川","李静<U+00A0>","常委、统战部长","http://district.ce.cn/newarea/sddy/201707/03/t20170703_23989571_1.shtml"
"200",200,"贵州","谌贻琴","省委书记","http://district.ce.cn/newarea/sddy/201709/12/t20170912_25914486_1.shtml"
"201",201,"贵州","秦如培","中央候补委员，副书记、代省长","http://district.ce.cn/newarea/sddy/201504/23/t20150423_5195801_1.shtml"
"202",202,"贵州","王晓光","中央委员，常委、统战部长","http://district.ce.cn/newarea/sddy/201706/03/t20170603_23403884.shtml"
"203",203,"贵州","唐承沛","常委、秘书长、政法委书记","http://district.ce.cn/newarea/sddy/201709/12/t20170912_25914486.shtml"
"204",204,"贵州","秦如培","常委、常务副省长","http://district.ce.cn/newarea/sddy/201704/20/t20170420_22186088_4.shtml"
"205",205,"贵州","慕德贵","中央候补委员，副省长","http://district.ce.cn/newarea/sddy/201706/03/t20170603_23403884_2.shtml"
"206",206,"贵州","夏红民","副省长","http://district.ce.cn/newarea/sddy/201704/20/t20170420_22186088_7.shtml"
"207",207,"贵州","王晓光","常委、副省长","http://district.ce.cn/newarea/sddy/201706/03/t20170603_23403884.shtml"
"208",208,"贵州","李邑飞","常委、组织部部长","http://district.ce.cn/newarea/sddy/201704/20/t20170420_22186088_9.shtml"
"209",209,"贵州","李再勇","常委、贵阳市委书记","http://district.ce.cn/newarea/sddy/201708/05/t20170805_24827250_1.shtml"
"210",210,"贵州","龙长春","常委、遵义市委书记","http://district.ce.cn/newarea/sddy/201705/18/t20170518_22985745.shtml"
"211",211,"云南","陈豪","书记，省人大主任","http://district.ce.cn/newarea/sddy/201701/22/t20170122_19782874.shtml"
"212",212,"云南","阮成发","常委、常务副省长<U+00A0>","http://district.ce.cn/newarea/sddy/201701/22/t20170122_19782874_1.shtml"
"213",213,"云南","李秀领","副省长","http://district.ce.cn/newarea/sddy/201611/01/t20161101_17416394.shtml"
"214",214,"云南","张祖林","中央候补委员，常委、宣传部长","http://district.ce.cn/newarea/sddy/201409/10/t20140910_3508975_1.shtml"
"215",215,"云南","宗国英","常委、常务副省长<U+00A0>","http://district.ce.cn/newarea/sddy/201703/31/t20170331_21644900.shtml"
"216",216,"云南","陆俊华","常委、省纪委书记","http://district.ce.cn/newarea/sddy/201701/04/t20170104_19391440.shtml"
"217",217,"云南","程连元","副省长","http://district.ce.cn/newarea/sddy/201603/23/t20160323_9726271.shtml"
"218",218,"云南","李小三","常委、组织部长","http://district.ce.cn/newarea/sddy/201605/10/t20160510_11402105.shtml"
"219",219,"云南","刘慧晏","常委、秘书长<U+00A0>","http://district.ce.cn/newarea/sddy/201707/03/t20170703_23990466_1.shtml"
"220",220,"云南","张太原","常委、政法委书记","http://district.ce.cn/newarea/sddy/201707/03/t20170703_23990466_2.shtml"
"221",221,"云南","杨宁","常委、统战部长","http://district.ce.cn/newarea/sddy/201701/22/t20170122_19797408_1.shtml"
"222",222,"云南","李文荣","常委、曲靖市委书记","http://district.ce.cn/newarea/sddy/201612/23/t20161223_19060001_11.shtml"
"223",223,"西藏","齐扎拉","党委书记","http://district.ce.cn/newarea/sddy/201701/17/t20170117_19652805_1.shtml"
"224",224,"西藏","庄严","中央候补委员，副书记、区人大主任","http://district.ce.cn/newarea/sddy/201706/16/t20170616_23673732.shtml"
"225",225,"西藏","齐扎拉","副书记、主席","http://district.ce.cn/newarea/sddy/201701/17/t20170117_19652805_1.shtml"
"226",226,"西藏","丁业现","常务副书记，区政协党组书记<U+00A0>","http://district.ce.cn/newarea/sddy/201706/15/t20170615_23640073_1.shtml"
"227",227,"西藏","庄严","副主席","http://district.ce.cn/newarea/sddy/201706/16/t20170616_23673732.shtml"
"228",228,"西藏","罗布顿珠","常委、常务副主席","http://district.ce.cn/newarea/sddy/201704/25/t20170425_22320174_1.shtml"
"229",229,"西藏","旦科","副主席","http://district.ce.cn/newarea/sddy/201701/14/t20170114_19602991.shtml"
"230",230,"西藏","王拥军","副主席","http://district.ce.cn/newarea/sddy/201611/19/t20161119_17948417_8.shtml"
"231",231,"西藏","曾万明","常委、组织部长","http://district.ce.cn/newarea/sddy/201611/19/t20161119_17948417_9.shtml"
"232",232,"西藏","姜杰","常委、常务副主席","http://district.ce.cn/newarea/sddy/201705/18/t20170518_22959177.shtml"
"233",233,"西藏","边巴扎西","常委、宣传部长、区互联网党工委书记","http://district.ce.cn/newarea/sddy/201706/22/t20170622_23810605.shtml"
"234",234,"西藏","何文浩","常委、政法委书记<U+00A0>","http://district.ce.cn/newarea/sddy/201703/01/t20170301_20606353_2.shtml"
"235",235,"西藏","白玛旺堆","常委，拉萨市委书记<U+00A0>","http://district.ce.cn/newarea/sddy/201701/17/t20170117_19652805.shtml"
"236",236,"西藏","张延清","副主席，日喀则市委书记","http://district.ce.cn/newarea/sddy/201707/28/t20170728_24591901.shtml"
"237",237,"陕西","胡和平","中央候补委员，书记、省人大主任","http://district.ce.cn/newarea/sddy/201604/27/t20160427_10974621_1.shtml"
"238",238,"陕西","胡和平","常委、常务副省长","http://district.ce.cn/newarea/sddy/201705/11/t20170511_22732605_1.shtml"
"239",239,"陕西","毛万春","中央委员，副书记<U+00A0>","http://district.ce.cn/newarea/sddy/201705/11/t20170511_22732605_2.shtml"
"240",240,"陕西","贺荣","常委、纪委书记<U+00A0>","http://district.ce.cn/newarea/sddy/201705/11/t20170511_22732605_3.shtml"
"241",241,"陕西","张广智","副省长","http://district.ce.cn/newarea/sddy/201705/11/t20170511_22732605_4.shtml"
"242",242,"陕西","梁桂","常委、常务副省长","http://district.ce.cn/newarea/sddy/201705/11/t20170511_22732605_5.shtml"
"243",243,"陕西","徐新荣","常委、延安市委书记","http://district.ce.cn/newarea/sddy/201705/11/t20170511_22732605_6.shtml"
"244",244,"陕西","王永康","常委、西安市委书记","http://district.ce.cn/newarea/sddy/201705/11/t20170511_22732605_7.shtml"
"245",245,"陕西","庄长兴","常委、宣传部长","http://district.ce.cn/newarea/sddy/201705/25/t20170525_23207524.shtml"
"246",246,"陕西","杜航伟","常委、副省长、政法委书记","http://district.ce.cn/newarea/sddy/201707/27/t20170727_24541406_1.shtml"
"247",247,"陕西","姜锋","常委、副省长、统战部长<U+00A0>","http://district.ce.cn/newarea/sddy/201705/17/t20170517_22945168.shtml"
"248",248,"陕西","钱引安","常委、秘书长","http://district.ce.cn/newarea/sddy/201706/07/t20170607_23490865_1.shtml"
"249",249,"甘肃","林铎","中央候补委员，书记、省人大主任<U+00A0>","http://district.ce.cn/newarea/sddy/201705/27/t20170527_23268219.shtml"
"250",250,"甘肃","唐仁健","副书记、省长","http://district.ce.cn/newarea/sddy/201705/27/t20170527_23268219_1.shtml"
"251",251,"甘肃","孙伟<U+00A0>","副书记<U+00A0>","http://district.ce.cn/newarea/sddy/201705/27/t20170527_23268219_2.shtml"
"252",252,"甘肃","李荣灿","常委、兰州市委书记","http://district.ce.cn/newarea/sddy/201705/27/t20170527_23268219_3.shtml"
"253",253,"甘肃","马廷礼","常委、统战部长","http://district.ce.cn/newarea/sddy/201706/08/t20170608_23509756.shtml"
"254",254,"甘肃","刘昌林","常委、纪委书记","http://district.ce.cn/newarea/sddy/201701/07/t20170107_19449441.shtml"
"255",255,"甘肃","梁言顺","常委、组织部长","http://district.ce.cn/newarea/sddy/201706/09/t20170609_23539806_1.shtml"
"256",256,"甘肃","黄强","常委、常务副省长<U+00A0>","http://district.ce.cn/newarea/sddy/201705/27/t20170527_23268219_7.shtml"
"257",257,"甘肃","宋亮<U+00A0>","常委、副省长","http://district.ce.cn/newarea/sddy/201705/27/t20170527_23268219_8.shtml"
"258",258,"甘肃","陈青","常委、宣传部长","http://district.ce.cn/newarea/sddy/201707/19/t20170719_24302359_1.shtml"
"259",259,"甘肃","王嘉毅","常委、秘书长","http://district.ce.cn/newarea/sddy/201706/09/t20170609_23539475.shtml"
"260",260,"青海","王国生","中央委员，书记，人大主任","http://district.ce.cn/newarea/sddy/201705/26/t20170526_23258151.shtml"
"261",261,"青海","王建军","中央候补委员，副书记、省长","http://district.ce.cn/newarea/sddy/201708/11/t20170811_24961408_1.shtml"
"262",262,"青海","刘宁","副书记、政法委书记","http://district.ce.cn/newarea/sddy/201708/23/t20170823_25251733.shtml"
"263",263,"青海","王晓","常委、西宁市委书记","http://district.ce.cn/newarea/sddy/201705/26/t20170526_23258151_3.shtml"
"264",264,"青海","公保扎西","中央候补委员，常委、统战部长","http://district.ce.cn/newarea/sddy/201705/26/t20170526_23258151_4.shtml"
"265",265,"青海","滕佳材","常委、纪委书记","http://district.ce.cn/newarea/sddy/201705/26/t20170526_23258151_5.shtml"
"266",266,"青海","张西明","常委、宣传部长","http://district.ce.cn/newarea/sddy/201705/26/t20170526_23258151_6.shtml"
"267",267,"青海","王予波","常委、副省长<U+00A0>","http://district.ce.cn/newarea/sddy/201708/29/t20170829_25491288.shtml"
"268",268,"青海","严金海<U+00A0>","常委、副省长<U+00A0>","http://district.ce.cn/newarea/sddy/201705/26/t20170526_23258151_9.shtml"
"269",269,"青海","王宇燕","常委、组织部长","http://district.ce.cn/newarea/sddy/201707/28/t20170728_24561339.shtml"
"270",270,"青海","于丛乐","常委、秘书长","http://district.ce.cn/newarea/sddy/201708/11/t20170811_24961408.shtml"
"271",271,"青海","马吉孝<U+00A0>","常委","http://district.ce.cn/newarea/sddy/201708/30/t20170830_25514943_1.shtml"
"272",272,"新疆","陈全国","中央委员，党委书记<U+00A0>","http://district.ce.cn/newarea/sddy/201611/02/t20161102_17462124.shtml"
"273",273,"新疆","雪克来提·扎克尔","副书记、政府主席","http://district.ce.cn/newarea/sddy/201611/02/t20161102_17462124_1.shtml"
"274",274,"新疆","孙金龙","中央候补委员，副书记、","http://district.ce.cn/newarea/sddy/201611/02/t20161102_17462124_2.shtml"
"275",275,"新疆","朱昌杰","副主席","http://district.ce.cn/newarea/sddy/201702/27/t20170227_20537015_1.shtml"
"276",276,"新疆","朱海仑","副书记，政法委书记，网信党工委书记<U+00A0>","http://district.ce.cn/newarea/sddy/201611/28/t20161128_18198919.shtml"
"277",277,"新疆","李鹏新","副书记，区教工委书记","http://district.ce.cn/newarea/sddy/201704/24/t20170424_22255408_1.shtml"
"278",278,"新疆","肖开提·依明","常委、统战部部长","http://district.ce.cn/newarea/sddy/201701/13/t20170113_19585380.shtml"
"279",279,"新疆","徐海荣","常委、乌鲁木齐市委书记、乌昌党委书记","http://district.ce.cn/newarea/sddy/201702/27/t20170227_20536367.shtml"
"280",280,"新疆","李学军","常委、秘书长","http://district.ce.cn/newarea/sddy/201704/24/t20170424_22255408.shtml"
"281",281,"新疆","艾尔肯·吐尼亚孜","常委、政府副主席","http://district.ce.cn/newarea/sddy/201611/02/t20161102_17462124_9.shtml"
"282",282,"新疆","马学军","常委、组织部长","http://district.ce.cn/newarea/sddy/201611/02/t20161102_17462124_10.shtml"
"283",283,"新疆","田文","常委、宣传部长","http://district.ce.cn/newarea/sddy/201612/02/t20161202_18336475_1.shtml"
"284",284,"新疆","沙尔合提·阿汗","常委，总工会主席，政法委副书记，昌吉州党委书记","http://district.ce.cn/newarea/sddy/201703/20/t20170320_21151253.shtml"
"285",285,"新疆","罗东川<U+00A0>","常委、纪委书记<U+00A0>","http://district.ce.cn/newarea/sddy/201705/04/t20170504_22538632.shtml"
"286",286,"辽宁","李希","中央候补委员，省委书记、省人大主任","http://district.ce.cn/newarea/sddy/201612/24/t20161224_19071619.shtml"
"287",287,"辽宁","陈求发","中央委员，副书记、省长","http://district.ce.cn/newarea/sddy/201612/24/t20161224_19071619_1.shtml"
"288",288,"辽宁","易炼红","常委、沈阳市委书记","http://district.ce.cn/newarea/sddy/201707/20/t20170720_24344161.shtml"
"289",289,"辽宁","谭作钧","常委、大连市委书记","http://district.ce.cn/newarea/sddy/201704/28/t20170428_22432602_1.shtml"
"290",290,"辽宁","李文章","常委、政法委书记","http://district.ce.cn/newarea/sddy/201612/24/t20161224_19071619_6.shtml"
"291",291,"辽宁","范卫平","常委、宣传部长","http://district.ce.cn/newarea/sddy/201612/24/t20161224_19071619_7.shtml"
"292",292,"辽宁","范继英","常委、统战部长<U+00A0>","http://district.ce.cn/newarea/sddy/201612/24/t20161224_19071619_8.shtml"
"293",293,"辽宁","张雷","常委、常务副省长<U+00A0>","http://district.ce.cn/newarea/sddy/201704/01/t20170401_21665361.shtml"
"294",294,"辽宁","廖建宇","常委、纪委书记","http://district.ce.cn/newarea/sddy/201706/03/t20170603_23403878.shtml"
"295",295,"辽宁","王正谱","常委、组织部长<U+00A0>","http://district.ce.cn/newarea/sddy/201612/24/t20161224_19071619_10.shtml"
"296",296,"辽宁","关志鸥","常委，总工会主席<U+00A0>","http://district.ce.cn/newarea/sddy/201704/01/t20170401_21672082_1.shtml"
"297",297,"辽宁","刘焕鑫","常委、省委秘书长","http://district.ce.cn/newarea/sddy/201704/05/t20170405_21741468.shtml"
"298",298,"黑龙江","张庆伟","中央委员，书记、人大主任","http://district.ce.cn/newarea/sddy/201706/30/t20170630_23948493.shtml"
"299",299,"黑龙江","陆昊","中央委员，副书记、省长","http://district.ce.cn/newarea/sddy/201705/03/t20170503_22517197_1.shtml"
"300",300,"黑龙江","陈海波","省委副书记","http://district.ce.cn/newarea/sddy/201706/02/t20170602_23387641_1.shtml"
"301",301,"黑龙江","张效廉","常委、宣传部部长","http://district.ce.cn/newarea/sddy/201705/03/t20170503_22517197_3.shtml"
"302",302,"黑龙江","王常松","常委、省纪委书记","http://district.ce.cn/newarea/sddy/201705/03/t20170503_22517197_4.shtml"
"303",303,"黑龙江","李海涛","常委、常务副省长","http://district.ce.cn/newarea/sddy/201706/16/t20170616_23673323.shtml"
"304",304,"黑龙江","甘荣坤","常委、政法委书记","http://district.ce.cn/newarea/sddy/201705/03/t20170503_22517197_7.shtml"
"305",305,"黑龙江","王爱文","常委、组织部长 ","http://district.ce.cn/newarea/sddy/201705/03/t20170503_22517197_8.shtml"
"306",306,"黑龙江","张雨浦","常委、秘书长","http://district.ce.cn/newarea/sddy/201705/03/t20170503_22517197_9.shtml"
"307",307,"黑龙江","王兆力","常委、哈尔滨市委书记","http://district.ce.cn/newarea/sddy/201706/02/t20170602_23387641.shtml"
"308",308,"黑龙江","贾玉梅","常委，省政府党组副书记、副省长","http://district.ce.cn/newarea/sddy/201707/04/t20170704_24017086_1.shtml"
"309",309,"上海","韩正","中央政治局委员，市委书记","http://district.ce.cn/newarea/sddy/201212/26/t20121226_23978071_1.shtml"
"310",310,"上海","应勇","市委副书记，市长 ","http://district.ce.cn/newarea/sddy/201701/20/t20170120_19762278.shtml"
"311",311,"上海","翁铁慧","市委副书记 ","http://district.ce.cn/newarea/sddy/201704/24/t20170424_22259748_1.shtml"
"312",312,"上海","董云虎","常委、宣传部部长","http://district.ce.cn/newarea/sddy/201508/05/t20150805_6131823.shtml"
"313",313,"上海","许昆林","常委、纪委书记 ","http://district.ce.cn/newarea/sddy/201612/17/t20161217_18794255.shtml"
"314",314,"上海","彭沉雷","常委、组织部长","http://district.ce.cn/newarea/sddy/201707/28/t20170728_24555465.shtml"
"315",315,"上海","陈群","常委、常务副市长","http://district.ce.cn/newarea/sddy/201707/28/t20170728_24555465_1.shtml"
"316",316,"上海","肖贵玉","常委、政法委书记","http://district.ce.cn/newarea/sddy/201707/31/t20170731_24632996.shtml"
"317",317,"上海","翁祖亮","常委、浦东新区区委书记","http://district.ce.cn/newarea/sddy/201704/06/t20170406_21752062.shtml"
"318",318,"上海","诸葛宇杰","常委、秘书长","http://district.ce.cn/newarea/sddy/201705/12/t20170512_22780562_9.shtml"
"319",319,"江苏","李强","中央候补委员，书记，省人大主任","http://district.ce.cn/newarea/sddy/201702/10/t20170210_20103103.shtml"
"320",320,"江苏","黄莉新","中央候补委员，副书记、省长","http://district.ce.cn/newarea/sddy/201707/29/t20170729_24603264.shtml"
"321",321,"江苏","黄莉新","
            中央候补委员，副书记、常务副省长
            ","http://district.ce.cn/newarea/sddy/201707/24/t20170724_24403922.shtml"
"322",322,"江苏","杨岳","中央候补委员，常委、副省长","http://district.ce.cn/newarea/sddy/201611/22/t20161122_18026925_4.shtml"
"323",323,"江苏","李小敏","常委、无锡市委书记","http://district.ce.cn/newarea/sddy/201611/22/t20161122_18026925_5.shtml"
"324",324,"江苏","樊金龙","常委、省委秘书长","http://district.ce.cn/newarea/sddy/201611/22/t20161122_18026925_7.shtml"
"325",325,"江苏","王江","常委、宣传部长、统战部长","http://district.ce.cn/newarea/sddy/201612/27/t20161227_19161922.shtml"
"326",326,"江苏","蒋卓庆","常委、纪委书记","http://district.ce.cn/newarea/sddy/201611/22/t20161122_18026925_9.shtml"
"327",327,"江苏","王立科","
            常委、政法委书记、公安厅厅长
            ","http://district.ce.cn/newarea/sddy/201612/08/t20161208_18508682.shtml"
"328",328,"江苏","张敬华","常委、南京市委书记<U+00A0>","http://district.ce.cn/newarea/sddy/201707/21/t20170721_24368905_1.shtml"
"329",329,"江苏","周乃翔","常委、苏州市委书记","http://district.ce.cn/newarea/sddy/201611/22/t20161122_18026925_11.shtml"
"330",330,"江苏","郭文奇","常委、组织部长","http://district.ce.cn/newarea/sddy/201705/31/t20170531_23356330.shtml"
"331",331,"浙江","车俊","中央委员，书记、省人大主任","http://district.ce.cn/newarea/sddy/201707/07/t20170707_24081822.shtml"
"332",332,"浙江","袁家军","副书记、省长","http://district.ce.cn/newarea/sddy/201708/01/t20170801_24727442_1.shtml"
"333",333,"浙江","唐一军","副书记，宁波市委书记 ","http://district.ce.cn/newarea/sddy/201706/16/t20170616_23665597_2.shtml"
"334",334,"浙江","葛慧君","中央候补委员，常委、宣传部长","http://district.ce.cn/newarea/sddy/201706/16/t20170616_23665597_3.shtml"
"335",335,"浙江","赵一德","常委、杭州市委书记","http://district.ce.cn/newarea/sddy/201706/16/t20170616_23665597_4.shtml"
"336",336,"浙江","刘建超","常委、省纪委书记，省监察委主任","http://district.ce.cn/newarea/sddy/201707/07/t20170707_24082060.shtml"
"337",337,"浙江","任振鹤","常委、组织部长","http://district.ce.cn/newarea/sddy/201706/16/t20170616_23665597_6.shtml"
"338",338,"浙江","陈金彪","常委、秘书长 ","http://district.ce.cn/newarea/sddy/201706/16/t20170616_23665597_7.shtml"
"339",339,"浙江","徐加爱","常委、政法委书记、公安厅厅长 ","http://district.ce.cn/newarea/sddy/201708/01/t20170801_24727442.shtml"
"340",340,"浙江","冯飞","常委、常务副省长","http://district.ce.cn/newarea/sddy/201706/16/t20170616_23665597_9.shtml"
"341",341,"浙江","周江勇","常委、温州市委书记","http://district.ce.cn/newarea/sddy/201706/16/t20170616_23665597_10.shtml"
"342",342,"重庆","陈敏尔","中央委员，市委书记","http://district.ce.cn/newarea/sddy/201707/15/t20170715_24232278.shtml"
"343",343,"重庆","张国清","中央委员，副书记、市长","http://district.ce.cn/newarea/sddy/201705/24/t20170524_23181634_1.shtml"
"344",344,"重庆","唐良智","常委、政法委书记，副市长<U+00A0>","http://district.ce.cn/newarea/sddy/201705/24/t20170524_23181634_2.shtml"
"345",345,"重庆","吴存荣","常委、副市长，两江新区党工委书记<U+00A0>","http://district.ce.cn/newarea/sddy/201705/24/t20170524_23181634_3.shtml"
"346",346,"重庆","张鸣","党组成员","http://district.ce.cn/newarea/sddy/201706/13/t20170613_23598539.shtml"
"347",347,"重庆","曾庆红","常委、组织部长","http://district.ce.cn/newarea/sddy/201705/24/t20170524_23181634_5.shtml"
"348",348,"重庆","陈雍","副市长","http://district.ce.cn/newarea/sddy/201705/24/t20170524_23181634_6.shtml"
"349",349,"重庆","王显刚","副市长<U+00A0>","http://district.ce.cn/newarea/sddy/201706/15/t20170615_23648400.shtml"
"350",350,"重庆","刘强","副市长","http://district.ce.cn/newarea/sddy/201706/06/t20170606_23456637.shtml"
"351",351,"重庆","陈绿平","常委，副市长，两江新区党工委书记<U+00A0>","http://district.ce.cn/newarea/sddy/201706/07/t20170607_23474022.shtml"
"352",352,"重庆","陶长海","常委，统战部部长，渝中区委书记<U+00A0>","http://district.ce.cn/newarea/sddy/201706/06/t20170606_23447830.shtml"
"353",353,"重庆","杜和平","常委，万州区委书记","http://district.ce.cn/newarea/sddy/201706/07/t20170607_23476155.shtml"
"354",354,"重庆","胡文容","常委","http://district.ce.cn/newarea/sddy/201709/15/t20170915_25986098.shtml"
"355",355,"宁夏","石泰峰","中央候补委员，党委书记、区人大主任","http://district.ce.cn/newarea/sddy/201706/22/t20170622_23792910.shtml"
"356",356,"宁夏","咸辉","中央委员，副书记、主席","http://district.ce.cn/newarea/sddy/201706/10/t20170610_23549120_1.shtml"
"357",357,"宁夏","姜志刚","副书记、银川市委书记","http://district.ce.cn/newarea/sddy/201706/16/t20170616_23672151.shtml"
"358",358,"宁夏","徐广国","常委、政法委书记","http://district.ce.cn/newarea/sddy/201706/21/t20170621_23749430.shtml"
"359",359,"宁夏","张超超","副主席","http://district.ce.cn/zt/rwk/sf/nx/rs/201308/01/t20130801_24624507_2.shtml"
"360",360,"宁夏","马顺清","中央候补委员，常委、副主席","http://district.ce.cn/newarea/sddy/201706/10/t20170610_23549120_5.shtml"
"361",361,"宁夏","刘可为","常委、纪委书记","http://district.ce.cn/newarea/sddy/201603/24/t20160324_9778321.shtml"
"362",362,"宁夏","纪峥","常委、秘书长","http://district.ce.cn/newarea/sddy/201707/01/t20170701_23965299.shtml"
"363",363,"宁夏","盛荣华","政府秘书长","http://district.ce.cn/newarea/sddy/201302/05/t20130205_24098360.shtml"
"364",364,"宁夏","赵永清","常委、宣传部长","http://district.ce.cn/newarea/sddy/201706/10/t20170610_23549120_9.shtml"
"365",365,"宁夏","白尚成","常委、统战部长，银川市长<U+00A0>","http://district.ce.cn/newarea/sddy/201706/21/t20170621_23771623.shtml"
"366",366,"宁夏","张柱","常委、固原市委书记","http://district.ce.cn/newarea/sddy/201707/01/t20170701_23965299_1.shtml"
